{
    "metrics": {
        "http_req_tls_handshaking": {
            "med": 0,
            "max": 108.088,
            "p(90)": 0,
            "p(95)": 102.90069999999999,
            "avg": 9.888442307692307,
            "min": 0
        },
        "iteration_duration": {
            "avg": 3037.4724094711555,
            "min": 1093.017291,
            "med": 3100.2726045,
            "max": 5456.721292,
            "p(90)": 5096.9963833,
            "p(95)": 5101.23725445
        },
        "http_req_waiting": {
            "avg": 98.50925961538461,
            "min": 91.977,
            "med": 96.94749999999999,
            "max": 122.451,
            "p(90)": 104.4697,
            "p(95)": 107.3955
        },
        "data_sent": {
            "count": 10764,
            "rate": 320.86227174780873
        },
        "http_req_failed": {
            "passes": 0,
            "fails": 104,
            "value": 0
        },
        "http_req_blocked": {
            "p(90)": 0.002,
            "p(95)": 350.06654999999995,
            "avg": 33.55428846153859,
            "min": 0,
            "med": 0.001,
            "max": 356.123
        },
        "http_req_duration{expected_response:true}": {
            "p(90)": 104.77239999999999,
            "p(95)": 107.70145,
            "avg": 98.99145192307695,
            "min": 92.17,
            "med": 97.549,
            "max": 122.847
        },
        "http_req_receiving": {
            "avg": 0.29610576923076914,
            "min": 0.027,
            "med": 0.135,
            "max": 3.982,
            "p(90)": 0.6613,
            "p(95)": 0.8880999999999993
        },
        "http_req_connecting": {
            "med": 0,
            "max": 101.245,
            "p(90)": 0,
            "p(95)": 100.42984999999999,
            "avg": 9.497067307692308,
            "min": 0
        },
        "vus": {
            "max": 10,
            "value": 1,
            "min": 1
        },
        "vus_max": {
            "value": 10,
            "min": 10,
            "max": 10
        },
        "http_reqs": {
            "count": 104,
            "rate": 3.1001185676116783
        },
        "http_req_sending": {
            "p(90)": 0.2494,
            "p(95)": 0.26055,
            "avg": 0.18608653846153847,
            "min": 0.028,
            "med": 0.184,
            "max": 1.597
        },
        "data_received": {
            "count": 336419,
            "rate": 10028.25758074378
        },
        "iterations": {
            "count": 104,
            "rate": 3.1001185676116783
        },
        "http_req_duration": {
            "max": 122.847,
            "p(90)": 104.77239999999999,
            "p(95)": 107.70145,
            "avg": 98.99145192307695,
            "min": 92.17,
            "med": 97.549
        }
    },
    "root_group": {
        "name": "",
        "path": "",
        "id": "d41d8cd98f00b204e9800998ecf8427e",
        "groups": {},
        "checks": {}
    }
}